# Dicionário do catálogo Beta (loja 3, PRICETABF, 16 posições). "setor" = sigla de seção.
abreviacao;expansao;setor;observacao
^C;CARNE;;"C CORDEIRO COSTELA"
^C AVE;CARNE DE AVE;;"C AVE COXA SOBRECOXA"
^C BOV;CARNE BOVINA;;
^C SUI;CARNE SUINA;;"C SUI PERNIL"
^HF;;HORTIFRÚTI 1;sigla de seção (507 produtos)
^PAD;;PADARIA;sigla de seção (576 produtos)
SAND;SANDALIA;;"SAND HAVAI SLIM", "SAND IPANEMA" (no PRICE2, SAND = sanduíche)
HAVAI;HAVAIANAS;;"SAND HAVAI KIDS"
ESC;ESCOLAR;;"CANETA ESC", "MOCHILA ESC JUV", "BORRACHA ESC"
SHAMP;SHAMPOO;;"SHAMP ELSEVE 250"
CONDIC;CONDICIONADOR;;"CONDIC ELSEVE 20"
^COND;CONDIMENTO;;"COND KODILAR CHI" (1ª palavra)
SALGAD;SALGADINHO;;"SALGAD ELMA CHIPS"
DENT;DENTAL;;"CREME DENT COLGATE"
CRE;CREME;;"TINTURA CRE IMED", "BANHO CRE"
ESP;ESPIRAL;;"CADERNO ESP 10MAT"
BROCH;BROCHURA;;"CADERNO BROCH 96"
CAP;CAPILAR;;"OLEO CAP", "MASC CAP SALON"
MASC;MASCARA;;"MASC CAP SALON" (máscara capilar)
AER;AEROSSOL;;"DESOD NIVEA AER"
UMED;UMEDECIDA;;"TOALHA UMED HUGGIES"
PORC;PORCELANA;;"CANECA PORC"
INF;INFANTIL;;"SHAMP INF DOVE", "SABONETE INF"
DESC;DESCARTAVEL;;"FRALDA DESC", "POTE DESC" (no PRICE2, DESC = desconto)
PO;EM PO;;"SABAO PO", "FERMENTO PO", "LEITE PO"
PROT;PROTECAO;;
STA;SANTA;;
CHIL;CHILENO;;
SALG;SALGADO;;
LIQ;LIQUIDO;;
