# Dicionário do catálogo Gama (loja 4, PRICETABP, 16 posições). "setor" = sigla de seção.
abreviacao;expansao;setor;observacao
AD;ADULTO;;igual ao PRICE2
ADT;ADULTO;;igual ao PRICE2
AZ;AZUL;;igual ao PRICE2
BAN;BANANA;;igual ao PRICE2
BD;BANDEJA;;igual ao PRICE2
CAD;CADERNO;;igual ao PRICE2
CLAR;CLARO;;igual ao PRICE2
COND;CONDICIONADOR;;igual ao PRICE2
CR;CREME;;igual ao PRICE2
CR AVELA;CREME DE AVELA;;igual ao PRICE2
CR BARB;CREME DE BARBEAR;;igual ao PRICE2
CR CE;CREME E CEBOLA;;igual ao PRICE2
CR CEB;CREME E CEBOLA;;igual ao PRICE2
CR PENT;CREME PARA PENTEAR;;igual ao PRICE2
CR TRAT;CREME DE TRATAMENTO;;igual ao PRICE2
CUID;CUIDADO;;igual ao PRICE2
CUID TOT;CUIDADO TOTAL;;igual ao PRICE2
EXT;EXTRA;;igual ao PRICE2
FAR;FARINHA;;igual ao PRICE2
FD;FOLHA DUPLA;;igual ao PRICE2
FORT;FORTE;;igual ao PRICE2
FS;FOLHA SIMPLES;;igual ao PRICE2
FT;FOLHA TRIPLA;;igual ao PRICE2
GOI;GOIABA;;igual ao PRICE2
GOIA;GOIABA;;igual ao PRICE2
HAV;HAVAIANAS;;igual ao PRICE2
INF;INFANTIL;;igual ao PRICE2
LAR;LARANJA;;igual ao PRICE2
LIM;LIMAO;;igual ao PRICE2
LIMP;LIMPEZA;;igual ao PRICE2
LIMP CREM;LIMPADOR CREMOSO;;igual ao PRICE2
LIMP PERF;LIMPADOR PERFUMADO;;igual ao PRICE2
LIQ;LIQUIDO;;igual ao PRICE2
LN;LONG NECK;;igual ao PRICE2
LT;LATA;;igual ao PRICE2
MAM;MAMAO;;igual ao PRICE2
MED;MEDIO;;igual ao PRICE2
MIST;MISTURA;;igual ao PRICE2
MOR;MORANGO;;igual ao PRICE2
PC;PECA;;igual ao PRICE2
PERF;PERFUME;;igual ao PRICE2
PROT;PROTECAO;;igual ao PRICE2
PT;POTE;;igual ao PRICE2
RAL;RALADO;;igual ao PRICE2
REF;REFIL;;igual ao PRICE2
REP TOT;REPARACAO TOTAL;;igual ao PRICE2
SALG;SALGADO;;igual ao PRICE2
SAND HAV;SANDALIA HAVAIANAS;;igual ao PRICE2
SH;SHAMPOO;;igual ao PRICE2
SH COND;SHAMPOO E CONDICIONADOR;;igual ao PRICE2
STA;SANTA;;igual ao PRICE2
SUV;SUAVE;;igual ao PRICE2
SVE;SUAVE;;igual ao PRICE2
TEMP;TEMPERADO;;igual ao PRICE2
TOT;TOTAL;;igual ao PRICE2
TP;TETRA PAK;;igual ao PRICE2
VD;VIDRO;;igual ao PRICE2
VDE;VERDE;;igual ao PRICE2
VIN;VINHO;;igual ao PRICE2
^AP;APARELHO;;igual ao PRICE2
^BR;BARRA;;igual ao PRICE2
^C;CARNE;;igual ao PRICE2
^C BOV;CARNE BOVINA;;igual ao PRICE2
^C SUI;CARNE SUINA;;igual ao PRICE2
^EXT TOM;EXTRATO DE TOMATE;;igual ao PRICE2
^LIMP;LIMPADOR;;igual ao PRICE2
^MAC;MACARRAO;;igual ao PRICE2
^SALG;SALGADINHO;;igual ao PRICE2
^TEMP;TEMPERO;;igual ao PRICE2
^HF;;HORTIFRÚTI 1;sigla de seção (198 produtos)
^PAD;;PADARIA;sigla de seção (167 produtos)
SAND;SANDALIA;;"SAND HAV SLIM", "SAND IPANEMA" (no PRICE2, SAND = sanduíche)
^ESC;ESCOVA;;"ESC DENT COLGATE" (1ª palavra)
ESC;ESCOLAR;;"ESTOJO ESC", "MOCHILA ESC"
^C AVE;CARNE DE AVE;;"C AVE COXINHA", "C AVE PEITO FGO"
REFRESCO SAB;REFRESCO SABOR;;SAB = sabonete, menos depois de REFRESCO
TERM;TERMICA;;"CAIXA TERM", "GFA TERM INVICTA"
CD;CAPA DURA;;"CAD CD TILIBRA"
SPR;SPRAY;;"TINT SPR", "DESOD SPR NIVEA"
AE;AEROSSOL;;"INSET AE RAID"
COZ;COZINHA;;"LIMP COZ VEJA", "FACA COZ"
FEIJAO COZ;FEIJAO COZIDO;;"FEIJAO COZ CAR"
ROUP;ROUPAS;;"LAVA ROUP OMO"
CAB;CABELO;;"GEL CAB SALON"
TOM;TOMATE;;"EXT TOM", "MOLHO TOM"
PO;EM PO;;"LEITE PO", "SABAO PO"
LV;LONGA VIDA;;"LEITE LV NINHO"
^SAB;SABONETE;;"SAB DOVE 90G" (1ª palavra)
KIT SAB;KIT SABONETE;;"KIT SAB CLOY"
SAB;SABOR;;"GELO SAB POLAR", "TEMP MAIS SAB" (fora da 1ª palavra)
BEB LACT;BEBIDA LACTEA;;"BEB LACT NESCAU"
FAR LACT;FARINHA LACTEA;;"FAR LACT NESTLE"
COND K-DELICIA;CONDIMENTO K-DELICIA;;K-Delícia é condimento (COND = condicionador no resto)
ABRID;ABRIDOR;;"ABRID GFA"
