abreviacao;expansao;observacao
# Dicionário de abreviações das descrições do PRICETAB (rede do PRICE2.TXT, 2026-10-05).
# Regras: a abreviação é comparada com as PALAVRAS INTEIRAS da descrição (separadas por espaço),
# sem diferenciar maiúscula de minúscula. Pode ter mais de uma palavra ("CR DENT"): a mais longa
# vence. "^" no começo = só vale como PRIMEIRA palavra da descrição ("^C BOV"). "C/" e "S/" grudados
# na palavra seguinte ("C/GAS", "S/AC") viram COM / SEM antes das regras.
# Expansão em MAIÚSCULAS e sem acento, como o PRICETAB (o categorizador e a pré-lista comparam assim).
# Linhas começando com # são comentários. Gerar o SQL: python tools/dicionario_seed.py
#
# --- Contexto (mais de uma palavra ou só no começo) ---
^C BOV;CARNE BOVINA;
^C SUI;CARNE SUINA;
^C;CARNE;C no começo = carne
C CRACKER;CREAM CRACKER;
CR DENT;CREME DENTAL;
CR LEITE;CREME DE LEITE;
CR PENT;CREME PARA PENTEAR;
CR TRAT;CREME DE TRATAMENTO;
CR BARB;CREME DE BARBEAR;
CR AVELA;CREME DE AVELA;
CR CEB;CREME E CEBOLA;
CR CE;CREME E CEBOLA;
LEITE COND;LEITE CONDENSADO;
SH COND;SHAMPOO E CONDICIONADOR;
GELO SAB;GELO SABOR;
S SAB;SEM SABOR;
S LIVRE;SEMPRE LIVRE;marca de absorvente
^ESC;ESCOVA;ESC no começo = escova; no meio = escuro
CARACU ESC;CARACU ESCURA;
CAST PARA;CASTANHA DO PARA;
CAST MEDIO;CASTANHO MEDIO;
CAST MED;CASTANHO MEDIO;
CAST ESC;CASTANHO ESCURO;
CAST CLAR;CASTANHO CLARO;
HOMEM CAST;HOMEM CASTANHO;
FABER CAST;FABER CASTELL;
CAC CAST;CACAU E CASTANHA;
CAST NOZ;CASTANHA E NOZES;
^MAC;MACARRAO;MAC no começo = macarrão; no meio = macia
^SALG;SALGADINHO;
^LIMP;LIMPADOR;LIMP no começo = limpador; no meio = limpeza
LIMP PERF;LIMPADOR PERFUMADO;
LIMP CREM;LIMPADOR CREMOSO;
^EXT TOM;EXTRATO DE TOMATE;
M TOM;MOLHO DE TOMATE;
^AP;APARELHO;
BARB GOIAB;BARBECUE GOIABA;
^BR;BARRA;BR no começo = barra (de cereal)
BEB PROT;BEBIDA PROTEICA;
BAR PROT;BARRA DE PROTEINA;
WAFER PROT;WAFER PROTEICO;
LOCAO HIDRAT;LOCAO HIDRATANTE;
LEITE FERM;LEITE FERMENTADO;
LEITE LV;LEITE LONGA VIDA;
ACUCAR REF;ACUCAR REFINADO;
FAR LAC;FARINHA LACTEA;
FR VERM;FRUTAS VERMELHAS;
FRUT VERM;FRUTAS VERMELHAS;
AGUA MIN;AGUA MINERAL;
RACAO CAO;RACAO PARA CAES;
COQUETEL ALC;COQUETEL ALCOOLICO;
VIN NAC;VINHO NACIONAL;
ESPUM NAC;ESPUMANTE NACIONAL;
CUID TOT;CUIDADO TOTAL;
REP TOT;REPARACAO TOTAL;
FEIJAO CAR;FEIJAO CARIOCA;
CAB SAUVIG;CABERNET SAUVIGNON;
CAB SAU;CABERNET SAUVIGNON;
ACHOC PO;ACHOCOLATADO EM PO;
LEITE PO;LEITE EM PO;
MIST BOLO;MISTURA PARA BOLO;
PAPEL HIG;PAPEL HIGIENICO;
COPO DESC;COPO DESCARTAVEL;
COLHER DESC;COLHER DESCARTAVEL;
GARFO DESC;GARFO DESCARTAVEL;
PRATO DESC;PRATO DESCARTAVEL;
POTE DESC;POTE DESCARTAVEL;
# --- Uma palavra ---
C;COM;
S;SEM;
CR;CREME;
COND;CONDICIONADOR;
SAB;SABONETE;
ESC;ESCURO;
CAST;CASTANHA;
MAC;MACIA;
SALG;SALGADO;
LIMP;LIMPEZA;
EXT;EXTRA;
PROT;PROTECAO;
HIDRAT;HIDRATACAO;
AC;ACUCAR;
CHOC;CHOCOLATE;
BISC;BISCOITO;
IOG;IOGURTE;
REFRIG;REFRIGERANTE;
CERV;CERVEJA;
QJ;QUEIJO;
DENT;DENTAL;
SH;SHAMPOO;
DESOD;DESODORANTE;
BEB;BEBIDA;
AERO;AEROSSOL;
STA;SANTA;
STO;SANTO;
FGO;FRANGO;
INTG;INTEGRAL;
INTEG;INTEGRAL;
CONG;CONGELADO;
VIN;VINHO;
TEMP;TEMPERADO;
BCO;BRANCO;
BCA;BRANCA;
ORIG;ORIGINAL;
LIQ;LIQUIDO;
TINT;TINTURA;
SAND;SANDALIA;
HAV;HAVAIANAS;
SCH;SACHE;
LAR;LARANJA;
LAV;LAVANDA;
RECH;RECHEADO;
PTO;PRETO;
LT;LATA;
LN;LONG NECK;
GFA;GARRAFA;
BD;BANDEJA;
BDJ;BANDEJA;
TP;TETRA PAK;
PT;POTE;
PC;PECA;
VD;VIDRO;
CX;CAIXA;
PCT;PACOTE;
BOV;BOVINA;
SUI;SUINA;
VERM;VERMELHO;
AMEND;AMENDOIM;
ABS;ABSORVENTE;
NAT;NATURAL;
REQ;REQUEIJAO;
LING;LINGUICA;
CALAB;CALABRESA;
PIM;PIMENTA;
ENERG;ENERGETICO;
CREM;CREMOSO;
CONDIM;CONDIMENTO;
PERF;PERFUME;
ESM;ESMALTE;
FRD;FRALDA;
SORV;SORVETE;
AMAC;AMACIANTE;
FAT;FATIADO;
INST;INSTANTANEO;
MARACJ;MARACUJA;
MARACUJ;MARACUJA;
GUA;GUARANA;
BARB;BARBEAR;
TRAT;TRATAMENTO;
GELAT;GELATINA;
DESC;DESCONTO;ex.: 20% DESC (os descartáveis estão nas regras de duas palavras)
NAC;NACIONAL;
FERM;FERMENTO;
PAD;PADARIA;
VDE;VERDE;
CIG;CIGARRO;
DESINF;DESINFETANTE;
CHIL;CHILENO;
CONC;CONCENTRADO;
PRES;PRESUNTO;
FAR;FARINHA;
TTO;TINTO;
HAMB;HAMBURGUER;
FEM;FEMININO;
MASC;MASCULINO;
SANIT;SANITARIA;
BOMB;BOMBOM;
CHIC;CHICLETE;
TOT;TOTAL;
CUID;CUIDADO;
INF;INFANTIL;
REF;REFIL;
AZ;AZUL;
VIT;VITAMINA;
GAL;GALINHA;
PENT;PENTEAR;
EMP;EMPANADO;
PLAST;PLASTICO;
POLV;POLVILHO;
ESPJ;ESPONJA;
MUSS;MUSSARELA;
MANT;MANTEIGA;
MAND;MANDIOCA;
FRUT;FRUTAS;
FR;FRUTAS;
HIG;HIGIENICO;
ANIV;ANIVERSARIO;
CEB;CEBOLA;
BAUN;BAUNILHA;
TGO;TRIGO;
ACHOC;ACHOCOLATADO;
CONF;CONFEITADO;
LAC;LACTOSE;
PESG;PESSEGO;
DETERG;DETERGENTE;
ISOT;ISOTONICO;
MIST;MISTURA;
SOBRM;SOBREMESA;
BAN;BANANA;
MAM;MAMAO;
MOR;MORANGO;
ABCX;ABACAXI;
TANGR;TANGERINA;
TANG;TANGERINA;
REFRESCO TANG;REFRESCO TANG;marca
GOI;GOIABA;
GOIAB;GOIABA;
GOIA;GOIABA;
CERJ;CEREJA;
FRAMB;FRAMBOESA;
LIM;LIMAO;
HORT;HORTELA;
EUCAL;EUCALIPTO;
CEN;CENOURA;
CROC;CROCANTE;
SORT;SORTIDO;
CAPPUC;CAPPUCCINO;
CAD;CADERNO;
ALC;ALCALINA;
PAST;PASTILHA;
MARG;MARGARINA;
MORTAD;MORTADELA;
MED;MEDIO;
GTS;GRATIS;
PREM;PREMIUM;
PIP;PIPOCA;
PRESERV;PRESERVATIVO;
SVE;SUAVE;
SUV;SUAVE;
RSVD;RESERVADO;
ADOC;ADOCANTE;
AMANT;AMANTEIGADO;
INV;INVISIBLE;
ENXAG;ENXAGUANTE;
DESN;DESNATADO;
DESNAT;DESNATADO;
PANETT;PANETONE;
ALIM;ALIMENTOS;
REG;REGULAR;
RAL;RALADO;
EV;EXTRA VIRGEM;
CAIP;CAIPIRA;
PIC;PICANTE;
MULT;MULTI;
ALUM;ALUMINIO;
ARG;ARGENTINO;
FD;FOLHA DUPLA;
ADT;ADULTO;
AD;ADULTO;
SARD;SARDINHA;
NAPOL;NAPOLITANO;
TROP;TROPICAL;
PURIFIC;PURIFICADOR;
MOSC;MOSCATEL;
CHURRASQ;CHURRASCO;
CHURR;CHURRASCO;
FLOC;FLOCOS;
ALG;ALGODAO;
ALVEJ;ALVEJANTE;
DEF;DEFUMADO;
DEFUM;DEFUMADO;
INSET;INSETICIDA;
TRAD;TRADICIONAL;
NEUT;NEUTRO;
INT;INTEIRO;
COB;COBERTURA;
COBERT;COBERTURA;
CARAM;CARAMELO;
CARAML;CARAMELO;
APRES;APRESUNTADO;
CHARD;CHARDONNAY;
ESPUM;ESPUMANTE;
SABORIZ;SABORIZADA;
ODORIZ;ODORIZADOR;
DESENTUP;DESENTUPIDOR;
APONT;APONTADOR;
CONJ;CONJUNTO;
MAMAD;MAMADEIRA;
SUPLEM;SUPLEMENTO;
COMP;COMPOSTO;
BRINQ;BRINQUEDO;
SENSTV;SENSITIVE;
ACU;ACUCAR;
^TEMP;TEMPERO;TEMP no começo = tempero; no meio = temperado
M USO;MULTIUSO;
CHOC PO;CHOCOLATE EM PO;
ESPAG;ESPAGUETE;
LARJ;LARANJA;
SEMIDESN;SEMIDESNATADO;
AMEIX;AMEIXA;
SAUVIG;SAUVIGNON;
MAQ;MAQUINA;
SOLUV;SOLUVEL;
CLAR;CLARO;
FORT;FORTE;
FT;FOLHA TRIPLA;papel higiênico
FS;FOLHA SIMPLES;papel higiênico
MARAC;MARACUJA;
